name,AID
Chris Pratt,1
Noomi Rapace,2
James McAvoy,3
Matthew McConaughey,4
Will Smith,5
Matt Damon,6
Ryan Gosling,7
Essie Davis,8
Charlie Hunnam,9
Jennifer Lawrence,10
Eddie Redmayne,11
Taraji P. Henson,12
Felicity Jones,13
Aulii Cravalho,14
Anne Hathaway,15
Louis C.K.,16
Andrew Garfield,17
Dev Patel,18
Amy Adams,19
Casey Affleck,20
Emma Booth,21
Anna Kendrick,22
Liam Hemsworth,23
Fiona Gordon,24
Prabhas,25
Jocelin Donahue,26
Mila Kunis,27
Michael Fassbender,28
Zoey Deutch,29
Ryan Reynolds,30
Milla Jovovich,31
Chris Evans,32
Benedict Cumberbatch,33
Denzel Washington,34
John Francis Daley,35
Seth Rogen,36
Mahershala Ali,37
Brittany Blanton,38
Michael Keaton,39
Gabriel Chavarria,40
Johnny Depp,41
Jessica Chastain,42
Hermione Corfield,43
Chris Pine,44
Charlize Theron,45
Daisy Ridley,46
Kate Beckinsale,47
Jennifer Aniston,48
Keanu Reeves,49
Christian Bale,50
Stephen Lang,51
Emilia Clarke,52
Gemma Arterton,53
Tom Hanks,54
Ben Affleck,55
Brian Cox,56
Emily Blunt,57
Dakota Johnson,58
Colin Firth,59
Mark Wahlberg,60
Tom Hardy,61
Bryan Cranston,62
Oscar Isaac,63
Brad Pitt,64
Lewis MacDougall,65
Ginnifer Goodwin,66
Robert Downey Jr.,67
Melissa McCarthy,68
Leonardo DiCaprio,69
Viggo Mortensen,70
Vin Diesel,71
Sam Worthington,72
Samuel L. Jackson,73
Hugh Jackman,74
Travis Fimmel,75
Emma Stone,76
Jonah Hill,77
Russell Crowe,78
Rynosuke Kamiki,79
Aaron Poole,80
Kristen Stewart,81
Chris Hemsworth,82
Mario Casas,83
Henry Cavill,84
Robert De Niro,85
Alexander Skarsgrd,86
Eve Lindley,87
Alicia Vikander,88
John Gallagher Jr.,89
Chiwetel Ejiofor,90
Gerard Butler,91
Daniel Radcliffe,92
Jason Bateman,93
Elle Fanning,94
Aamir Khan,95
John Goodman,96
Ellen DeGeneres,97
Eva Green,98
Shailene Woodley,99
Zac Efron,100
Scott Adkins,101
Neel Sethi,102
Emma Roberts,103
Meryl Streep,104
Blake Lively,105
Miles Teller,106
Tommy Lee Jones,107
Dakota Fanning,108
Zachary Gordon,109
Brie Larson,110
Jamie Foxx,111
Min hee Kim,112
Hailee Steinfeld,113
Jackie Earle Haley,114
Michael Cera,115
Mark Rylance,116
Morgan Saylor,117
Chris Isaak,118
Reiko Aylesworth,119
Idris Elba,120
Steve Carell,121
Simon Pegg,122
Armie Hammer,123
Sharlto Copley,124
Patrick Stewart,125
Tom Cruise,126
Daniel Craig,127
Jesse Eisenberg,128
Helen Mirren,129
John Krasinski,130
Jake Gyllenhaal,131
Graham Skipper,132
Joaquin Phoenix,133
Kristen Bell,134
George Clooney,135
Gary Oldman,136
Ben Stiller,137
Vera Farmiga,138
Paul Rudd,139
Rene Zellweger,140
Anya Taylor Joy,141
Lily James,142
Tom Hughes,143
Taraneh Alidoosti,144
Aomi Muyock,145
Joe Alwyn,146
Mia Wasikowska,147
Amy Schumer,148
Erika Linder,149
Mark Ruffalo,150
Kate Mara,151
Callan McAuliffe,152
Emile Hirsch,153
Dwayne Johnson,154
Dane DeHaan,155
Joseph Gordon Levitt,156
Garance Marillier,157
Adam Driver,158
Kristen Wiig,159
Vanessa Hudgens,160
Shia LaBeouf,161
Josh Brolin,162
Brenton Thwaites,163
Lucas Till,164
Mark Huberman,165
Aaron Taylor Johnson,166
Owen Wilson,167
Maika Monroe,168
Jason Sudeikis,169
Sasha Lane,170
Colin Farrell,171
Adrien Brody,172
Angelina Jolie,173
Ivana Baquero,174
Patrick Wilson,175
Gerardo Taracena,176
Logan Lerman,177
Natalie Portman,178
Ralph Fiennes,179
Saoirse Ronan,180
Amy Poehler,181
Luke Wilson,182
Arnold Schwarzenegger,183
Julianne Moore,184
Annette Bening,185
Franois Cluzet,186
Diane Lane,187
Christos Stergioglou,188
OShea Jackson Jr,189
Zach Galifianakis,190
James Franco,191
Teresa Palmer,192
Richard Gere,193
Tyler James Williams,194
Charlotte Gainsbourg,195
Megan Fox,196
Sarah Hyland,197
Martin Freeman,198
Ferdia Walsh Peelo,199
Channing Tatum,200
Blake Jenner,201
Kurt Russell,202
Emily Browning,203
Romain Duris,204
Yoo Gong,205
Benjamin Walker,206
Ray Romano,207
Daniel Day Lewis,208
Kristen Connolly,209
Anna Faris,210
Jay Baruchel,211
Lucas Black,212
Quinton Aaron,213
La Seydoux,214
Ian McKellen,215
Chlo Grace Moretz,216
Connor Paolo,217
Olivia DeJonge,218
Riley Keough,219
Justin Timberlake,220
Luke Treadaway,221
Anton Yelchin,222
Andy Samberg,223
Bradley Cooper,224
Daniel Brhl,225
Kate Bosworth,226
Alexi Pappas,227
Adam Sandler,228
Bryce Dallas Howard,229
Tobey Maguire,230
Charlie Cox,231
Florence Pugh,232
Kate Winslet,233
Ben Barnes,234
Omar Sy,235
Domhnall Gleeson,236
Will Ferrell,237
Andy Powers,238
William Fichtner,239
Jack Huston,240
Jacob Latimore,241
Dylan OBrien,242
Kevin Costner,243
Nicholas Hoult,244
Michael B. Jordan,245
Paul Dano,246
Sylvester Stallone,247
Jemaine Clement,248
Jason Clarke,249
Taylor Kitsch,250
Keegan Michael Key,251
Sean Penn,252
Tim Pigott Smith,253
Edward Norton,254
Vince Vaughn,255
Sandra Bullock,256
Natasha Henstridge,257
James Marsden,258
Logan Marshall Green,259
Mandy Moore,260
Ed Helms,261
Liam Neeson,262
Billy Crystal,263
Isabelle Huppert,264
Jason Statham,265
Justin Long,266
Alison Brie,267
Keira Knightley,268
Lauren Birkell,269
Sullivan Stapleton,270
Mickey Rourke,271
Srdjan Zika Todorovic,272
Frank Grillo,273
Marilyn Manson,274
Scott Eastwood,275
Naomi Watts,276
Alex Karpovsky,277
Logan Paul,278
Radha Mitchell,279
Karl Urban,280
Sam Neill,281
Ryan Potter,282
Dennis Quaid,283
Alex Pettyfer,284
Mads Mikkelsen,285
Lauren Cohan,286
Rachel Weisz,287
Ethan Hawke,288
Jack Black,289
Kirsten Dunst,290
John Cusack,291
Taron Egerton,292
Ulrich Mhe,293
Dominic Monaghan,294
Alia Shawkat,295
Giuseppe Battiston,296
Jared Gilman,297
John Travolta,298
Julianne Hough,299
Brad Garrett,300
Mike Vogel,301
Edgar Ramrez,302
Scarlett Johansson,303
Edward Asner,304
Cate Blanchett,305
Michael Caine,306
Jared Leto,307
Riz Ahmed,308
Zooey Deschanel,309
Asa Butterfield,310
Jamie Dornan,311
Anton Adasinsky,312
Tina Fey,313
Clive Owen,314
Billy Magnussen,315
Lorenza Izzo,316
Jeremy Renner,317
Alycia Debnam Carey,318
Cynthia Nixon,319
Aaron Paul,320
Jim Carrey,321
Ewan McGregor,322
James Badge Dale,323
Hilary Swank,324
Michael Shannon,325
Elisabeth Moss,326
Dave Johns,327
Ruth Negga,328
Mia Goth,329
Emma Watson,330
Jennifer Lopez,331
Luke Evans,332
Jane Levy,333
John C. Reilly,334
Levi Miller,335
Ellen Page,336
Cameron Diaz,337
Jeff Bridges,338
Dave Bautista,339
Noah Ringer,340
Jason Segel,341
Nicolas Cage,342
Jack OConnell,343
Cillian Murphy,344
Kelly Macdonald,345
Michael Nyqvist,346
Amanda Bynes,347
Kodi Smit McPhee,348
Sean Faris,349
Sacha Baron Cohen,350
Sam Rockwell,351
Mel Gibson,352
Matt Vael,353
Fionn OShea,354
Anne Dorval,355
Ron Perlman,356
Alice Englert,357
Sandra Hller,358
Paul Sidhu,359
Shameik Moore,360
Willem Dafoe,361
Jared Padalecki,362
Lyndsy Fonseca,363
Kang ho Song,364
Amber Perkins,365
Ben Burtt,366
Heather Sossaman,367
Jason Biggs,368
Dar Grandinetti,369
Pierre Niney,370
Sofia Black DElia,371
Clint Eastwood,372
Dan Crisafulli,373
Anthony Hopkins,374
Ellie Kendrick,375
Ellar Coltrane,376
Geoffrey Rush,377
Morgan Freeman,378
Thomas Jane,379
Lily Collins,380
Mae Whitman,381
Byung hun Lee,382
Tilda Swinton,383
Stuart Graham,384
Hayden Christensen,385
Alia Bhatt,386
Kit Harington,387
Suraj Sharma,388
Michael Pitt,389
Bruce Willis,390
Wesley Elder,391
Nicole Kidman,392
Josh Stewart,393
Eric Bana,394
Emmanuel Garijo,395
Diego Luna,396
Lubna Azabal,397
Elijah Wood,398
Adrian Grenier,399
Scott Speedman,400
Reese Witherspoon,401
James Allen McCune,402
Jackie Chan,403
Dan Stevens,404
Jessica Brown Findlay,405
Eddie Murphy,406
Brendan Fraser,407
Ricardo Dar­n,408
Seth MacFarlane,409
Brian White,410
Elizabeth Reaser,411
Karen Gillan,412
Tatiana Pauhofov,413
Abbie Cornish,414
Larenz Tate,415
Jason Momoa,416
Freddie Highmore,417
Jon Favreau,418
Harrison Ford,419
Nat Wolff,420
Tom Hiddleston,421
Sigourney Weaver,422
Paul Giamatti,423
Malcolm McDowell,424
Abigail Breslin,425
Maddy Curley,426
Callum Turner,427
Rooney Mara,428
Ben Winchell,429
Gaspard Schlatter,430
Lily Rose Depp,431
Ray Winstone,432
David Oyelowo,433
Munro Chambers,434
Woody Allen,435
Pierce Brosnan,436
Ward Horton,437
Katie Cassidy,438
Michelle Williams,439
Christopher Plummer,440
Rebecca Hall,441
Michael Vartan,442
Mark Chao,443
Carmen Electra,444
Adrian Titieni,445
Ana de Armas,446
Anika Noni Rose,447
Jim Parsons,448
Sophie Nlisse,449
Chadwick Boseman,450
Jim Sturgess,451
Ice Cube,452
Ted Levine,453
Robert Pattinson,454
Miyu Irino,455
Ezra Miller,456
Rolf Lassgrd,457
Justin Chatwin,458
Katherine Heigl,459
Hiroki Hasegawa,460
Emma Thompson,461
Elisabeth Shue,462
Dylan Duffus,463
Sarah Jessica Parker,464
Rose McGowan,465
Lee Pace,466
Kate Hudson,467
Joel Kinnaman,468
Sally Field,469
Nathan Fillion,470
Salma Hayek,471
Ruth Wilson,472
Josh Hutcherson,473
Emily Baldoni,474
Jamal Woolard,475
Jun Kunimura,476
William Atherton,477
Ben Whishaw,478
Tye Sheridan,479
Lake Bell,480
Brandon Routh,481
Gabourey Sidibe,482
Philip Seymour Hoffman,483
Kenny Wormald,484
Samantha Robinson,485
Dieter Laser,486
Rainn Wilson,487
Vinnie Jones,488
Johnny Simmons,489
Melissa George,490
Forest Whitaker,491
Garrett Clayton,492
Jaden Smith,493
Jahking Guillory,494
Thomas Mann,495
Nick Robinson,496
Paul Bettany,497
Josh Hartnett,498
Sarah Butler,499
Viola Davis,500
Laura Dern,501
Lambert Wilson,502
Anna Hutchison,503
Alexandra Daddario,504
Neve Campbell,505
Madina Nalwanga,506
Nia Vardalos,507
Nathalie Baye,508
Antonio Banderas,509
Jennifer Garner,510
Quvenzhan Wallis,511
Evan Rachel Wood,512
Jake Johnson,513
Thomas Haden Church,514
Danny McBride,515
Nicholas DAgosto,516
Gabriella Wilde,517
Morjana Alaoui,518
Rhona Mitra,519
Darsheel Safary,520
Topher Grace,521
Lauren German,522
Robert Hoffman,523
Adam Pally,524
Kevin Spacey,525
 Vin Diesel,526
 Logan Marshall Green,527
 Anya Taylor Joy,528
 Jared Leto,529
 Tian Jing,530
 Emma Stone,531
 Andrea Riseborough,532
 Robert Pattinson,533
 Chris Pratt,534
 Katherine Waterston,535
 Octavia Spencer,536
 Diego Luna,537
 Dwayne Johnson,538
 Jason Sudeikis,539
 Eric Stonestreet,540
 Sam Worthington,541
 Tommy Lee Jones,542
 Nicole Kidman,543
 Jeremy Renner,544
 Edgar Ramrez,545
 Michelle Williams,546
 Ashleigh Cummings,547
 Justin Timberlake,548
 Jeff Goldblum,549
 Dominique Abel,550
 Rana Daggubati,551
 Jesse Bradford,552
 Kathryn Hahn,553
 Marion Cotillard,554
 James Franco,555
 Jake Gyllenhaal,556
 Michael Fassbender,557
 Morena Baccarin,558
 Iain Glen,559
 Robert Downey Jr.,560
 Anne Hathaway,561
 Chiwetel Ejiofor,562
 Austin Pendleton,563
 Kristen Wiig,564
 Shariff Earp,565
 Ayse Howard,566
 Nick Offerman,567
 Demin Bichir,568
 Penlope Cruz,569
 Mark Strong,570
 Addison Timlin,571
 Zachary Quinto,572
 Javier Bardem,573
 John Boyega,574
 Theo James,575
 Kate Hudson,576
 Michael Nyqvist,577
 Heath Ledger,578
 Adam Driver,579
 Jane Levy,580
 Sam Claflin,581
 Aaron Eckhart,582
 Henry Cavill,583
 Emile Hirsch,584
 Haley Bennett,585
 Jamie Dornan,586
 Hugh Jackman,587
 Taron Egerton,588
 Michelle Monaghan,589
 Charlize Theron,590
 Jennifer Garner,591
 Kurt Russell,592
 Charlotte Le Bon,593
 Sigourney Weaver,594
 Edward Norton,595
 Jason Bateman,596
 Orlando Bloom,597
 Chris Evans,598
 Diane Kruger,599
 Joseph Gordon Levitt,600
 George MacKay,601
 Jonah Hill,602
 Rosamund Pike,603
 Paul Walker,604
 Bryce Dallas Howard,605
 Elle Fanning,606
 Zoe Saldana,607
 Anna Kendrick,608
 Paula Patton,609
 Viola Davis,610
 Miles Teller,611
 Ryan Gosling,612
 Mone Kamishiraishi,613
 Kenneth Welsh,614
 Lars Eidinger,615
 Matt Damon,616
 Emily Browning,617
 Anthony Hopkins,618
 Jessica Chastain,619
 Ana Wagener,620
 Armie Hammer,621
 Ben Foster,622
 Leslie Mann,623
 Rory J Saper,624
 Richard Kind,625
 Domhnall Gleeson,626
 Tony Goldwyn,627
 Michael Kenneth Williams,628
 Jason Momoa,629
 Lena Headey,630
 Emma Watson,631
 Olivia Munn,632
 Christina Hendricks,633
 Sakshi Tanwar,634
 Mary Elizabeth Winstead,635
 Albert Brooks,636
 Asa Butterfield,637
 Adam Devine,638
 Teodora Duhovnikova,639
 Tom Hardy,640
 Bill Murray,641
 Nicola Peltz,642
 Dave Franco,643
 Pierce Brosnan,644
 Meryl Streep,645
 Ascar Jaenada,646
 J.K. Simmons,647
 Bradley Cooper,648
 Carey Mulligan,649
 Emily Mortimer,650
 Guy Pearce,651
 Robert Capron,652
 Steve Carell,653
 Jacob Tremblay,654
 Christoph Waltz,655
 Jung woo Ha,656
 Haley Lu Richardson,657
 Patrick Wilson,658
 Felicity Jones,659
 Ruby Barnhill,660
 Josh Hutcherson,661
 Brian Marc,662
 Josh Brolin,663
 Kiefer Sutherland,664
 Steven Pasquale,665
 Charlie Hunnam,666
 Nick Frost,667
 Annabelle Wallis,668
 Brie Larson,669
 Ian McKellen,670
 Cobie Smulders,671
 Eva Green,672
 Mark Ruffalo,673
 Ryan Reynolds,674
 Pablo Schreiber,675
 Rene Russo,676
 Art Parkinson,677
 Chase Williamson,678
 Amy Adams,679
 Idina Menzel,680
 Britt Robertson,681
 Keri Russell,682
 Jack Black,683
 Michael Douglas,684
 Gemma Jones,685
 Ralph Ineson,686
 Cate Blanchett,687
 Shahab Hosseini,688
 Karl Glusman,689
 Garrett Hedlund,690
 Bill Hader,691
 Alicia Vikander,692
 Natalie Krill,693
 Michael Keaton,694
 Nick Nolte,695
 Hugo Weaving,696
 Lorraine Nicholson,697
 Vince Vaughn,698
 Keira Knightley,699
 Kevin Hart,700
 Emily Blunt,701
 Jason Isaacs,702
 Shailene Woodley,703
 Gwyneth Paltrow,704
 Ella Rumpf,705
 Golshifteh Farahani,706
 Maya Rudolph,707
 Glenn Close,708
 Carla Gugino,709
 Selena Gomez,710
 Megan Fox,711
 Elizabeth Olsen,712
 Natalie Portman,713
 Nikolaj Coster Waldau,714
 Samuel L. Jackson,715
 Susan Loughnane,716
 Nicolas Cage,717
 Tim Roth,718
 Bonnie Hunt,719
 Keir Gilchrist,720
 Rooney Mara,721
 Jennifer Aniston,722
 Shia LaBeouf,723
 Rachel Weisz,724
 Laurence Fishburne,725
 Michael Chiklis,726
 Ariadna Gil,727
 Jessica Biel,728
 Raoul Max Trujillo,729
 Rebecca Ferguson,730
 Peter Sarsgaard,731
 Mel Raido,732
 F. Murray Abraham,733
 Max Irons,734
 Eddie Izzard,735
 Jason Clarke,736
 Kevin McKidd,737
 Russell Crowe,738
 Clive Owen,739
 Rose Byrne,740
 Omar Sy,741
 Alec Baldwin,742
 Michele Valley,743
 Corey Hawkins,744
 Vera Farmiga,745
 Brooklyn Decker,746
 Andy Serkis,747
 Gabriel Bateman,748
 Lior Ashkenazi,749
 Zach Galifianakis,750
 Mila Kunis,751
 Tessa Thompson,752
 Stellan Skarsgrd,753
 Will Arnett,754
 Lorenza Izzo,755
 Zac Efron,756
 Halle Berry,757
 Liev Schreiber,758
 Steven Krueger,759
 Channing Tatum,760
 Aidan Gillen,761
 Dane DeHaan,762
 Morgan Freeman,763
 Tyler Hoechlin,764
 Common,765
 Jude Law,766
 Zo Bell,767
 John Hurt,768
 Vanessa Hudgens,769
 Isla Fisher,770
 Soo an Kim,771
 Brittany Snow,772
 Jai Courtney,773
 Teresa Palmer,774
 Denis Leary,775
 John Leguizamo,776
 Paul Dano,777
 Marton Csokas,778
 Taylor Kitsch,779
 Chris Hemsworth,780
 Colin Hanks,781
 Alice Eve,782
 Johnny Depp,783
 Zoa Kravitz,784
 Zachery Ty Bryan,785
 Rebel Wilson,786
 Sandra Bullock,787
 Adle Exarchopoulos,788
 Noah Wiseman,789
 Martin Freeman,790
 Jamie Bell,791
 Matthew Zuk,792
 Nick Damici,793
 Ed Oxenbould,794
 Jenna Dewan Tatum,795
 Jena Malone,796
 Tom Wilkinson,797
 Amanda Seyfried,798
 Andrew Garfield,799
 Rose Leslie,800
 James McAvoy,801
 Bob the Cat,802
 Imogen Poots,803
 Katie Crown,804
 Sienna Miller,805
 Sally Field,806
 Thomas Jane,807
 Jennifer Lawrence,808
 Chase Offerle,809
 Ansel Elgort,810
 Drew Barrymore,811
 Bruce Willis,812
 Jamie Foxx,813
 Robert Redford,814
 Kirsten Dunst,815
 Matthew Macfadyen,816
 Claire Danes,817
 Rachel McAdams,818
 Christopher Fairbank,819
 Robert De Niro,820
 Judy Davis,821
 Kristen Stewart,822
 Julianne Moore,823
 Clmence Posy,824
 John C. Reilly,825
 Laura Allen,826
 George Clooney,827
 Freida Pinto,828
 Jon Voight,829
 Toby Kebbell,830
 Seychelle Gabriel,831
 Kaya Scodelario,832
 Hugh Grant,833
 Benedict Cumberbatch,834
 Sylvester Stallone,835
 Daniel Radcliffe,836
 Jason Statham,837
 Taika Waititi,838
 Kate Siegel,839
 Mark Rylance,840
 Will Ferrell,841
 Ang Phula Sherpa,842
 Kevin James,843
 Will Yun Lee,844
 Lynn Collins,845
 Jordan Peele,846
 Idris Elba,847
 Kate Winslet,848
 Naomi Battrick,849
 Michiel Huisman,850
 Liv Tyler,851
 Malin Akerman,852
 Kate Beckinsale,853
 Alex Pettyfer,854
 Jon Hamm,855
 Lukas Hassel,856
 Kelly Adams,857
 Jason Segel,858
 Emayatzy Corinealdi,859
 Joel Edgerton,860
 Zachary Levi,861
 Christina Applegate,862
 Maggie Grace,863
 John Goodman,864
 Laurent Lafitte,865
 Jessica Alba,866
 Michael Parks,867
 Gerard Butler,868
 Paul Borghese,869
 Sam Riley,870
 Sergej Trifunovic,871
 Elizabeth Mitchell,872
 Madhavan,873
 Owen Wilson,874
 Mireille Enos,875
 Mark Boone Junior,876
 Ewan McGregor,877
 Chlo Grace Moretz,878
 Wyatt Russell,879
 Emory Cohen,880
 Teri Hatcher,881
 Peyton List,882
 Laurie Holden,883
 Olivia Thirlby,884
 Julian Dennison,885
 Scott Adsit,886
 Mickey Rourke,887
 Naomi Watts,888
 Timothy Olyphant,889
 Thomas Bo Larsen,890
 Rebecca Hall,891
 Rupert Evans,892
 Sarah Snook,893
 Dylan Minnette,894
 Mlanie Laurent,895
 David James,896
 Mark Wahlberg,897
 Jason Schwartzman,898
 Thandie Newton,899
 Bryan Cranston,900
 Martina Gedeck,901
 Ksenia Solo,902
 Nancy Kwan,903
 Jeff Bridges,904
 Anna Foglietta,905
 Josh Gad,906
 Kara Hayward,907
 Queen Latifah,908
 Josh Duhamel,909
 Margot Robbie,910
 Lou Romano,911
 Jessica Lucas,912
 Luke Bracey,913
 Jeremy McWilliams,914
 Alice Braga,915
 AJ Michalka,916
 Jordan Nagai,917
 Toni Collette,918
 Harvey Keitel,919
 Sarah Polley,920
 Billie Piper,921
 Stephen Merchant,922
 David Thewlis,923
 Michael Pea,924
 Zooey Deschanel,925
 Joe Manganiello,926
 Amanda Bynes,927
 Dev Patel,928
 Cillian Murphy,929
 Aleksandr Armer,930
 Catherine Keener,931
 Terry Chen,932
 Jodie Foster,933
 Ariel Levy,934
 Abbie Cornish,935
 William Moseley,936
 Jennifer Ehle,937
 Dominic Cooper,938
 David Spade,939
 Charlotte Gainsbourg,940
 Jennifer Connelly,941
 Anna Friel,942
 Gillian Jacobs,943
 Hayley Squires,944
 Kate Mara,945
 Martin McCann,946
 Daniel Brhl,947
 Ryan Guzman,948
 Shiloh Fernandez,949
 Juliet Rylance,950
 Jack McBrayer,951
 Rosie Huntington Whiteley,952
 Michael Cera,953
 Sarita Choudhury,954
 Julia Roberts,955
 Susan Sarandon,956
 Liam Neeson,957
 Casey Affleck,958
 Alain Moussi,959
 Cameron Diaz,960
 Matthew Morrison,961
 Robin Wright,962
 Eva Mendes,963
 Miyavi,964
Billy Connolly,965
 Noomi Rapace,966
 Laura Ramsey,967
 Djimon Hounsou,968
 Kevin Spacey,969
 Erin Moriarty,970
 Simon Cotton,971
 Nicholas Galitzine,972
 John Hawkes,973
 Charlie Day,974
 Antoine Olivier Pilon,975
 Selma Blair,976
 Peter Simonischek,977
 Scarlett Johansson,978
 Richard Madden,979
 Branden Coles,980
 Gugu Mbatha Raw,981
 Sam Rockwell,982
 Tony Revolori,983
 Michael Ealy,984
 Amanda Righetti,985
 Forest Whitaker,986
 Bokeem Woodbine,987
 Michael Doneger,988
 Rene Zellweger,989
 Robin Williams,990
 Seth Rogen,991
 Hee Bong Byun,992
 Rachel Quinn,993
 Elissa Knight,994
 Katherine Heigl,995
 Matthew Bohrer,996
 Alyson Hannigan,997
 Mar Marull,998
 Terry Crews,999
 Paula Beer,1000
 Analeigh Tipton,1001
 Bee Vang,1002
 Kay Whitney,1003
 Rachael Blake,1004
 Lucy Fry,1005
 Helena Bonham Carter,1006
 Jeffrey Dean Morgan,1007
 Jorma Taccone,1008
 David Troughton,1009
 Patricia Arquette,1010
 Viggo Mortensen,1011
 Nicholas Hope,1012
 Ed Harris,1013
 Michael McDonald,1014
 Andr Marcon,1015
 Seth MacFarlane,1016
 Reese Witherspoon,1017
 Gary Oldman,1018
 Anthony Mackie,1019
 Blake Lively,1020
 Marcia Gay Harden,1021
 Arnold Schwarzenegger,1022
 Bella Thorne,1023
 Yoo Gong,1024
 Chlo Sevigny,1025
 Jamie Campbell Bower,1026
 Rosario Dawson,1027
 Geoffrey Rush,1028
 Laine Megaw,1029
 Tim Allen,1030
 Colin Firth,1031
 Sienna Guillory,1032
 Shah Rukh Khan,1033
 Irrfan Khan,1034
 Joan Allen,1035
 Steven Yeun,1036
 Justin Long,1037
 Christina Grimmie,1038
 Helen Mirren,1039
 Billy Bob Thornton,1040
 Bill Engvall,1041
 Robert Duvall,1042
 Tom Hudson,1043
 Mlissa Dsormeaux Poulin,1044
 Brittany Murphy,1045
 Kevin Connolly,1046
 Laura Dern,1047
 Salma Hayek,1048
 Callie Hernandez,1049
 Jaden Smith,1050
 Michelle Pfeiffer,1051
 Sheila Kelley,1052
 Andrew Scott,1053
 Audrey Tautou,1054
 Kiernan Shipka,1055
 Jet Li,1056
 Kristen Bell,1057
 Usher Raymond,1058
 Soledad Villamil,1059
 Wes Bentley,1060
 Karrueche Tran,1061
 Lulu Wilson,1062
 Alexandra Daddario,1063
 Brenton Thwaites,1064
 Brendan Gleeson,1065
 Chris Pine,1066
 Karl Markovics,1067
 Dermot Mulroney,1068
 Meagan Good,1069
 Ron Perlman,1070
 Christian Bale,1071
 Aaron Paul,1072
 Anushka Sharma,1073
 Cara Delevingne,1074
 Jeremy Irons,1075
 Olga Kurylenko,1076
 Michelle Rodriguez,1077
 Larry the Cable Guy,1078
 Richard Brake,1079
 John DeLuca,1080
 Natalie Martinez,1081
 Demi Moore,1082
 Grace Van Patten,1083
 Barkhad Abdi,1084
 Eric Bana,1085
 Josh Brener,1086
 Andy Samberg,1087
 Tina Fey,1088
 Elizabeth Banks,1089
 Sixtine Murat,1090
 Ashton Kutcher,1091
 Steve Zahn,1092
 Dan Stevens,1093
 Harley Quinn Smith,1094
 Woody Harrelson,1095
 Crispin Glover,1096
 Kevin Costner,1097
 Jessica Lange,1098
 Gemma Arterton,1099
 Tom Sizemore,1100
 Laurence Leboeuf,1101
 Jason Barry,1102
 Amber Tamblyn,1103
 Elizabeth Henstridge,1104
 Kristin Scott Thomas,1105
 Lily Cole,1106
 Michael C. Hall,1107
 Charlie Heaton,1108
 Ni Ni,1109
 Rose McGowan,1110
 Vanessa Lachey,1111
 Antonio Tarver,1112
 Anna Faris,1113
 James Marsden,1114
 Maria Victoria Dragus,1115
 John Turturro,1116
 Keanu Reeves,1117
 Sally Hawkins,1118
 Matthias Schoenaerts,1119
 Keith David,1120
 Nadine Velazquez,1121
 Rihanna,1122
 Jim Sturgess,1123
 Josh Wiggins,1124
 T.R. Knight,1125
 Kate Bosworth,1126
 Ian McShane,1127
 Regina Hall,1128
 Imelda Staunton,1129
 Kathleen Quinlan,1130
 Colm Feore,1131
 Emilie de Ravin,1132
 Saori Hayami,1133
 Olivia Colman,1134
 Aiden Longworth,1135
 Juno Temple,1136
 Sarah Gadon,1137
 Tye Sheridan,1138
 Devon Bostick,1139
 Bahar Pars,1140
 James Marsters,1141
 Isabel Lucas,1142
 Yutaka Takenouchi,1143
 Tom Hanks,1144
 Sean Penn,1145
 Taylor Schilling,1146
 Jerry O Connell,1147
 Scorcher,1148
 Evangeline Lilly,1149
 Kim Cattrall,1150
 Julie Benz,1151
 Freddy Rodrguez,1152
 Catinca Untaru,1153
 Alison Brie,1154
 Julianna Margulies,1155
 Zoe Kazan,1156
 Max Greenfield,1157
 Brad Pitt,1158
 Vincent Cassel,1159
 Paula Prentiss,1160
 AnnaSophia Robb,1161
 Maury Sterling,1162
 Jung min Hwang,1163
 Liam Hemsworth,1164
 Blythe Auffarth,1165
 Dustin Hoffman,1166
 Daniel Craig,1167
 Dominic West,1168
 Logan Miller,1169
 Matthew Perry,1170
 Mo Nique,1171
 Nicholas Braun,1172
 Joaquin Phoenix,1173
 Julianne Hough,1174
 Jeffrey Vincent Parise,1175
 Ashley C. Williams,1176
 Ellen Page,1177
 Gabriel Luna,1178
 Karl Urban,1179
 Joshua McIvor,1180
 Oprah Winfrey,1181
 Christian Slater,1182
 David Denman,1183
 Christopher Jordan Wallace,1184
 RJ Cyler,1185
 Gabriel Basso,1186
 Michael B. Jordan,1187
 Dennis Quaid,1188
 Hailee Steinfeld,1189
 Ben Kingsley,1190
 Evan Rachel Wood,1191
 Jeff Branson,1192
 Hayden Panettiere,1193
 Pierre Niney,1194
 Andrea Whitburn,1195
 Tania Raymonde,1196
 David Morse,1197
 Diego Boneta,1198
 Courteney Cox,1199
 David Oyelowo,1200
 John Corbett,1201
 Nicholas Hoult,1202
 Janet Montgomery,1203
 Elena Anaya,1204
 Kylie Rogers,1205
 Damon Wayans Jr.,1206
 Emma Bell,1207
 Mylne Jampano,1208
 Carmen Ejogo,1209
 Michael Sheen,1210
 Aamir Khan,1211
 Ali Larter,1212
 Oliver Cooper,1213
 Heather Matarazzo,1214
 Briana Evigan,1215
 T.J. Miller,1216
 Willem Dafoe,1217
 Rosemarie DeWitt,1218
 Julian Barratt,1219
 Alison Sudol,1220
" Janelle Mon¡e",1221
 Alan Tudyk,1222
 Rachel House,1223
 Austin Stowell,1224
 Kyle Chandler,1225
 Stephen Curry,1226
 Bill Pullman,1227
Emmanuelle Riva,1228
 Anushka Shetty,1229
 Jesse Borrego,1230
 Tangie Ambrose,1231
 Michael Shannon,1232
 Ethan Hawke,1233
 Colleen Camp,1234
 Duan Sanderson,1235
 Roman Jossart,1236
 John Carroll Lynch,1237
 Theo Rossi,1238
 Joely Richardson,1239
 Oscar Isaac,1240
 Tobias Menzies,1241
 Alfie Allen,1242
 Janet McTeer,1243
 Bill Nighy,1244
 Laura Linney,1245
 Ophelia Lovibond,1246
 Beverly DAngelo,1247
 Douglas M. Griffin,1248
 Jared Harris,1249
 Eli Roth,1250
 Kate McKinnon,1251
 Samantha Isler,1252
 Neil Patrick Harris,1253
 Ty Simpkins,1254
 Jennifer Jason Leigh,1255
 Steve Lantz,1256
 Angourie Rice,1257
 Ry Narita,1258
Daniel Fathers,1259
 Sigrid Bouaziz,1260
 Jack Nicholson,1261
 Jos Coronado,1262
 Danny DeVito,1263
 Christian Stevens,1264
 Mark Consuelos,1265
 Adria Arjona,1266
 Jim Carrey,1267
 David Wenham,1268
 Rupert Grint,1269
 Fatima Sana Shaikh,1270
 John Gallagher Jr.,1271
Ed ONeill,1272
 Alon Aboutboul,1273
 Jack Reynor,1274
 Emily Meade,1275
 Will Poulter,1276
 Stephen Henderson,1277
 Angelo Josue Lozano Corzo,1278
 Melissa Benoist,1279
 Kit Harington,1280
 Simon Pegg,1281
 Rachael Harris,1282
 Sean Bridgers,1283
 Leonardo DiCaprio,1284
 Jin woong Jo,1285
 Blake Jenner,1286
 Christopher Mintz Plasse,1287
 Penelope Wilton,1288
 Justin Bartha,1289
 Benicio Del Toro,1290
 C.H. Evans,1291
Shareeka Epps,1292
 Rinko Kikuchi,1293
 Kieran Culkin,1294
Tom Cullen,1295
 Aldis Hodge,1296
 Judi Dench,1297
 Billy Burke,1298
 James Badge Dale,1299
 La Seydoux,1300
 Bill Paxton,1301
 Matthew McConaughey,1302
 Brea Grant,1303
 Jonathan Groff,1304
 Hugh Laurie,1305
 Madison Wolfe,1306
 Corey Stoll,1307
 Jim Broadbent,1308
 Kate Dickie,1309
 Oona Chaplin,1310
 Babak Karimi,1311
 Klara Kristin,1312
 Arturo Castro,1313
 Tom Hiddleston,1314
 Sebastian Pigott,1315
 Daniel Eric Gold,1316
 Matthew Goode,1317
 Danielle Nicolet,1318
 Mia Goth,1319
 Melissa Leo,1320
 Terrence Howard,1321
 Jeff Daniels,1322
 Rabah Nait Oufella,1323
 Nellie,1324
 Dominique Tipper,1325
 Ashley Benson,1326
 Thomas Lennon,1327
 Steve Oram,1328
 Paul Newman,1329
 Olivia Luccardi,1330
 Christopher Plummer,1331
 Emma Roberts,1332
 Riley Keough,1333
 Jessica Barden,1334
 Topher Grace,1335
 Sharlto Copley,1336
 Kerry Bish,1337
 Sergi Lopez,1338
 Dalia Hernndez,1339
 Ezra Miller,1340
 Greta Gerwig,1341
 Duncan Joiner,1342
 Mathieu Amalric,1343
 Jake Abel,1344
 Logan Lerman,1345
 Lewis Black,1346
 Emilia Clarke,1347
 Steve Coogan,1348
 Anne Le Ny,1349
 Arnaud Viard,1350
 Angeliki Papoulia,1351
 Jason Mitchell,1352
 Ron Livingston,1353
 Maria Bello,1354
 Kyle Gallner,1355
 Stacy Martin,1356
 Tyler Perry,1357
 Ana de Armas,1358
 Zoey Deutch,1359
 Justin Chon,1360
 Naomie Harris,1361
 Richard Armitage,1362
 Ice Cube,1363
 Maria Doyle Kennedy,1364
 Carly Rae Jepsen,1365
 Amber Heard,1366
 Jalil Lespert,1367
 Yu mi Jung,1368
 Adrian Grenier,1369
" Ciar¡n Hinds",1370
 Anna Hutchison,1371
 Shad Moss,1372
 Tim McGraw,1373
 Salim Kechiouche,1374
 Daniel Henshall,1375
 Tilda Swinton,1376
 Gabriela Lopez,1377
 Laura Abramsen,1378
 Deanna Dunagan,1379
 Damaine Radcliff,1380
 Jessie Ok Gray,1381
 Elijah Wood,1382
 Jessica Brown Findlay,1383
 Ruta Gedmintas,1384
 Alia Shawkat,1385
 Wei Tang,1386
Kelsey Grammer,1387
 David Strathairn,1388
 Olivia Wilde,1389
 Rachel Dratch,1390
 Nat Wolff,1391
 Wendi McLendon Covey,1392
 Maggie Gyllenhaal,1393
 Oakes Fegley,1394
 Ray Stevenson,1395
 Adam Brody,1396
 Kathy Bates,1397
 Cosmo Jarvis,1398
 Antoine Bertrand,1399
 Tom Prior,1400
 Mary Steenburgen,1401
 Peter Stormare,1402
 Alden Ehrenreich,1403
 Saurabh Shukla,1404
 Taylor Lautner,1405
 Lia Marie Johnson,1406
 Rhys Ifans,1407
 Rodrigo Santoro,1408
 Dul Hill,1409
 Gal Gadot,1410
 Simon Helberg,1411
 Dakota Johnson,1412
Cori Gonzalez Macuer,1413
 Oona Laurence,1414
 Michael Trucco,1415
 Alan Alda,1416
 Thomas M. Wright,1417
 Tao Okamoto,1418
 Tiffany Haddish,1419
 Jasmine Trinca,1420
 Ellie Kendrick,1421
 Chris Rock,1422
 Harrison Ford,1423
 Jon Favreau,1424
 Sanjeev Bhaskar,1425
 Lin Shaye,1426
 Luing Andrews,1427
 Russell Brand,1428
 Donna Murphy,1429
 Skyler Gisondo,1430
 Famke Janssen,1431
 Steve Buscemi,1432
 Anne Consigny,1433
 Haley Joel Osment,1434
 Brenda Blethyn,1435
 Chira Cassel,1436
 Jack Huston,1437
Jelena Gavrilovic,1438
 Mykelti Williamson,1439
 Mona Singh,1440
 Daniella Kertesz,1441
 Sam Quartin,1442
 Eddie Marsan,1443
 Tom Holland,1444
Christopher Mintz Plasse,1445
 Meredith Hagner,1446
 John Hodgman,1447
 John Doman,1448
 Sean Bean,1449
 Rima Te Wiata,1450
 Jamie Chung,1451
 Gabriella Wilde,1452
 Chris Cooper,1453
 Cam Gigandet,1454
 Dianna Agron,1455
 Annika Wedderkopp,1456
 Christopher Fitzgerald,1457
 James Russell,1458
 Timothy Spall,1459
 Noah Taylor,1460
 Odeya Rush,1461
 Jason Cope,1462
 Derek Jeter,1463
 Rip Torn,1464
 Tom Costello,1465
Sebastian Koch,1466
 Jennette McCurdy,1467
 Annabelle Attanasio,1468
 Jack Madigan,1469
 Paul Rudd,1470
 Marco Giallini,1471
 Danny McBride,1472
 Nikki Blonsky,1473
 Patton Oswalt,1474
 Kelly McGillis,1475
 Lizzy Caplan,1476
 Ray Winstone,1477
 Lynsey Taylor Mackay,1478
 Charlie Tahan,1479
 Leslie Bibb,1480
 John Ratzenberger,1481
 Thomas Brodie Sangster,1482
 Sarah Paulson,1483
 Tracy Letts,1484
 James Floyd,1485
 Geoffrey Arend,1486
 Richard Gere,1487
 Rupert Friend,1488
 Rhona Mitra,1489
 Matthew Fox,1490
 Matt Bomer,1491
 Penn Badgley,1492
 Anika Noni Rose,1493
 Brian Caspe,1494
 Vilen Babichev,1495
 Liana Liberato,1496
 Teresa Navarro,1497
 Aaron Burns,1498
 Albert Finney,1499
 Connor Paolo,1500
 Jim Caviezel,1501
 Min sik Choi,1502
 Duncan Duff,1503
 Richard Jenkins,1504
 Dakota Fanning,1505
 Olivia Williams,1506
 Bruce Greenwood,1507
 Harry Connick Jr.,1508
 Mike Birbiglia,1509
 Sharon Percy,1510
 Will Dalton,1511
 Barry Ward,1512
 Kristin Chenoweth,1513
 Dax Shepard,1514
 James Ransone,1515
 Jane Lynch,1516
 Tyrese Gibson,1517
 Ben Whishaw,1518
 Jack OConnell,1519
 Kate Upton,1520
 Greg Kinnear,1521
 Katey Sagal,1522
 Ralph Fiennes,1523
 Frank Langella,1524
 Gina Carano,1525
 Jackson Rathbone,1526
 Rob Corddry,1527
 J. Todd Smith,1528
 Sam Elliott,1529
 Emma Thompson,1530
 Ewa Frling,1531
 Xavier Samuel,1532
 James Gandolfini,1533
 Linda Cardellini,1534
 Dominique McElligott,1535
 Morgan Lily,1536
 Kevin Leslie,1537
 Garret Dillahunt,1538
 Suzanne Clment,1539
 Doug Jones,1540
 Michael Wittenborn,1541
 Saoirse Ronan,1542
 Sam Shepard,1543
 Arielle Holmes,1544
 Mahershala Ali,1545
 Jon Daly,1546
 Kiersey Clemons,1547
 India Eisley,1548
 Storm Acheche Sahlstrm,1549
 Derek Mears,1550
 Tommy Dewey,1551
 Judy Greer,1552
 Randall Park,1553
 Hae il Park,1554
 Dean Waite,1555
 Jeff Garlin,1556
 Courtney Halverson,1557
Seann William Scott,1558
 Mnica Villa,1559
 Jorge Garcia,1560
 Ernst Sttzner,1561
Travis Tope,1562
 Christopher Carley,1563
 Richard Garcia,1564
 Ewen Leslie,1565
 Danila Kozlovsky,1566
 Alan Rickman,1567
Akiva Schaffer,1568
 Jack Holden,1569
 Christian Stolte,1570
 William Fichtner,1571
 Armin Mueller Stahl,1572
 Sam Neill,1573
 Gary Cole,1574
 Victoria Justice,1575
 Melissa McCarthy,1576
 Roman Kolinka,1577
 Aaron Taylor Johnson,1578
 Alessandro Nivola,1579
 Brian Geraghty,1580
 50 Cent,1581
 Christian Cooke,1582
 Robbie Amell,1583
 Kang ho Song,1584
 Robert Sheehan,1585
 Brian Milligan,1586
 Joan Cusack,1587
 Kunal Kapoor,1588
 Adil Hussain,1589
 Cary Hiroyuki Tagawa,1590
 Astrid Bergs Frisbey,1591
 Osric Chau,1592
 Michael Pitt,1593
 Shea Adams,1594
 Alex Essoe,1595
 Lisa Thoreson,1596
 Baptiste Goy,1597
 Maxim Gaudette,1598
Malin Akerman,1599
 Jerry Ferrara,1600
 Gemma Ward,1601
 Gaby Hoffmann,1602
 Corbin Reid,1603
 Taraji P. Henson,1604
 Patricia Clarkson,1605
 Paul Giamatti,1606
 Maika Monroe,1607
 Jeremy Irvine,1608
 Jean Reno,1609
 Natascha McElhone,1610
 Christopher Lee,1611
 Lauren Holly,1612
 Peter Dinklage,1613
 Pablo Rago,1614
 Emily Ratajkowski,1615
 Angelique Pereira,1616
 Taissa Farmiga,1617
 Annalise Basso,1618
 Brandon T. Jackson,1619
 Katee Sackhoff,1620
 Ciarn Hinds,1621
 Gedeon Burkhard,1622
 Kodi Smit McPhee,1623
 Rotimi,1624
 Jonathan Rhys Meyers,1625
 Max Burkholder,1626
 Sanjay Dutt,1627
 Austin Abrams,1628
 Tony Shalhoub,1629
 Jeffrey Wright,1630
 Sean Patrick Thomas,1631
 Jeff Daniel Phillips,1632
 Logan Huffman,1633
 Nikki SooHoo,1634
 Malcolm Sinclair,1635
 January Jones,1636
 William Hurt,1637
 Michal Vondel,1638
 Emma Fitzpatrick,1639
 Barkhad Abdirahman,1640
 Craig Robinson,1641
 Paulin Jaccoud,1642
 Kevin Kline,1643
 Jeremy Davies,1644
 Benjamin Bratt,1645
 David Harbour,1646
 Angelina Jolie,1647
 Mary McCormack,1648
 Tom Felton,1649
 Michael Ironside,1650
 Megan Charpentier,1651
 Isabelle Fuhrman,1652
 Jesse Eisenberg,1653
 Karen Moskow,1654
 Alfre Woodard,1655
 Adam Campbell,1656
 Marlon Wayans,1657
 Dave Bautista,1658
 Danny Trejo,1659
Nicole Parker,1660
 Milo Ventimiglia,1661
 Donald Sutherland,1662
 Wentworth Miller,1663
 Lia Bugnar,1664
 Emmanuelle Chriqui,1665
 Christopher McDonald,1666
 Kari Matchett,1667
 Don Cheadle,1668
 Steve Martin,1669
 Sylvia Hoeks,1670
 Joe Cobden,1671
 Adam Levine,1672
 Anthony Anderson,1673
 Anton Yelchin,1674
 Patrick Dempsey,1675
 Dan Byrd,1676
 Amy Ryan,1677
 Caitlyn Rund,1678
 Aoi Yuki,1679
 Ruth Wilson,1680
 Max Minghella,1681
 Tijuana Ricks,1682
 Billy Crudup,1683
 Ving Rhames,1684
 Filip Berg,1685
 Yun Fat Chow,1686
 Josh Lucas,1687
 Robert Carlyle,1688
 John Malkovich,1689
 Adrianne Palicki,1690
Satomi Ishihara,1691
 Annie Rose Buckley,1692
 George Lopez,1693
 Vernetta Lopez,1694
 Gael Garc­a Bernal,1695
 Blythe Danner,1696
 Richard Dreyfuss,1697
Shone Romulus,1698
 Maude Apatow,1699
 Dakota Goyo,1700
 Cynthia Nixon,1701
 Matthew Marsden,1702
 Justine Waddell,1703
 Bree Turner,1704
 Candice Bergen,1705
 Jordan Carlos,1706
 Nathan Phillips,1707
 Megan Park,1708
 Vincent Donofrio,1709
 Tyne Daly,1710
 Michael Rooker,1711
 Toby Jones,1712
 Lucy Boynton,1713
 Nicholas Brendon,1714
 Derek Luke,1715
 Do won Kwak,1716
 Randy Couture,1717
 Blanche Baker,1718
 Dakota Blue Richards,1719
 Joey Morgan,1720
 Ken Watanabe,1721
 Mateo Arias,1722
 Jamie Blackley,1723
 Oliver Platt,1724
 Bel Powley,1725
 Laura Waddell,1726
 Sacha Baron Cohen,1727
 Ashlynn Yennie,1728
 Jason OMara,1729
 Clifton Collins Jr.,1730
 Ari Graynor,1731
 Jack Taylor,1732
 John Cusack,1733
 Molly Ringwald,1734
 Will Smith,1735
Christopher Meyer,1736
 Olivia Cooke,1737
 Amara Miller,1738
 Kristin Davis,1739
 Moises Arias,1740
 Charles S. Dutton,1741
 Connie Nielsen,1742
 Andrew Howard,1743
 Catalina Sandino Moreno,1744
 Justin Theroux,1745
Guillaume Baillargeon,1746
 Jennifer Koenig,1747
 Scott Eastwood,1748
 Carrie Anne Moss,1749
 Tom Cruise,1750
 David Arquette,1751
 Lupita Nyongo,1752
 Michael Constantine,1753
Ashley Tisdale,1754
 Jan Cornet,1755
 Martin Henderson,1756
 Joe Anderson,1757
 Rob Riggle,1758
 Luke Kleintank,1759
 Arlen Escarpeta,1760
 Catherine Bgin,1761
 Tanay Chheda,1762
 Dan Fogler,1763
 Jonathan Daniel Brown,1764
 Bijou Phillips,1765
 Cassie Ventura,1766
 Thomas Middleditch,1767
Danielle Panabaker,1768
Famke Janssen,1769
Bruce Campbell,1770
 Dick Van Dyke,1771
 Doona Bae,1772
 Jael Elizabeth Steinmeyer,1773
 Fred Willard,1774
Jeffrey Wright,1775
 Shelley Hennig,1776
 Chris Klein,1777
 Brian Howe,1778
 Rita Cortese,1779
 Marie Gruber,1780
 Michael Kelly,1781
Ahney Her,1782
 Riccardo Scamarcio,1783
 Pat Cashman,1784
 Bridgette Barrett,1785
 Gabriel Byrne,1786
Timothy Spall,1787
 Colin Farrell,1788
 Sarah Silverman,1789
Joe Blakemore,1790
Elijah Smith,1791
 Noel Fisher,1792
 Josef Altin,1793
 James Frecheville,1794
Demian Bichir,1795
Edith Scob,1796
Matthew Macfadyen,1797
Dale Dickey,1798
 Jessica Barth,1799
Tony Shalhoub,1800
 Kagiso Kuypers,1801
James Hamrick,1802
 Joel Kinnaman,1803
Guy Pearce,1804
Mark Strong,1805
Andre Braugher,1806
 Jaime Winstone,1807
 Allison Janney,1808
 Ji min Han,1809
 Jasper Newell,1810
Emma Greenwell,1811
Jemima West,1812
Michael Ealy,1813
Derek Jacobi,1814
 Liam McMahon,1815
Rachel Bilson,1816
 Ned Beatty,1817
 Aryana Engineer,1818
 Priyanka Moodley,1819
 Adewale Akinnuoye Agbaje,1820
 Tabu,1821
Sarah Roemer,1822
 Brit Marling,1823
 Maggie Q,1824
 Olan Rogers,1825
 Brady Corbet,1826
 Joel McHale,1827
Mary Louise Parker,1828
 Eddie Baroo,1829
 Mauricio Lopez,1830
 Ronnie Gene Blevins,1831
 Florence Kastriner,1832
 Axel Devillers,1833
 Mustafa Kamel,1834
 Jerry Stiller,1835
 Kevin Dillon,1836
 Alex Fisher,1837
 Lisa Kudrow,1838
Michiel Huisman,1839
 Brandon Scott,1840
 Wenwen Han,1841
 Jenna Elfman,1842
 Rufus Sewell,1843
Jessica Biel,1844
 Joel David Moore,1845
 Aasif Mandvi,1846
 Mia Stallard,1847
Tom Wilkinson,1848
Golshifteh Farahani,1849
Brian Dennehy,1850
 Michelle Yeoh,1851
 Ella Anderson,1852
 Rubn Blades,1853
Carla Quevedo,1854
 Jonny Weston,1855
Amanda Seyfried,1856
Jessica Vanessa DeLeon,1857
 Steve Tom,1858
Henry Thomas,1859
 Nathan Fillion,1860
Rosamund Pike,1861
Rory Cochrane,1862
Elizabeth Berrington,1863
 Til Schweiger,1864
Simona Stasov,1865
Robert Duvall,1866
Diego Klattenhoff,1867
 Rick Gonzalez,1868
Melissa Leo,1869
Dustin Hoffman,1870
Michael Chiklis,1871
Adelaide Kane,1872
Boman Irani,1873
 Abigail Breslin,1874
Karen Allen,1875
 Justice Smith,1876
 Luke Evans,1877
Anthony LaPaglia,1878
 Craig Ferguson,1879
 Bob Balaban,1880
 Ellen Burstyn,1881
Sheri Moon Zombie,1882
Alexander Ludwig,1883
 Drew Seeley,1884
 Raghuvir Joshi,1885
Aidan Quinn,1886
Ben Kingsley,1887
 Dane Cook,1888
 John Cullum,1889
Catherine Keener,1890
 Aidan Turner,1891
 Andy Garcia,1892
 Jae Head,1893
 Ike Barinholtz,1894
 John DLeo,1895
 Gerry Bednob,1896
Michel Vuillermoz,1897
 Mandy Gonzalez,1898
 Cary Elwes,1899
 Zach Grenier,1900
 Miranda Cosgrove,1901
 Boyd Holbrook,1902
Adam Brody,1903
Christopher Walken,1904
Robin Wright,1905
Kenneth Branagh,1906
 Paul Birchard,1907
Alfred Molina,1908
Jennifer Jason Leigh,1909
 Jack Davenport,1910
Matt Lanter,1911
 Edwin Wright,1912
 Isabelle lisse,1913
 CCH Pounder,1914
 Kai Ryssdal,1915
 Sean Bott,1916
Tony Amendola,1917
 Miles Fisher,1918
Eric Godon,1919
Adewale Akinnuoye Agbaje,1920
 Maria Dizzia,1921
Ronnie Gene Blevins,1922
Oliver Platt,1923
 Zoa Bell,1924
 Matt Lanter,1925
 Burt Young,1926
Steve Zahn,1927
 Su Elliot,1928
 Alexis Dziena,1929
Malina Manovici,1930
Nick Swardson,1931
 Mira Sorvino,1932
 Zachary Bennett,1933
 Alexander Skarsgrd,1934
 Bruno Campos,1935
 Ethan Suplee,1936
 Jennifer Lopez,1937
Donald Sutherland,1938
Nicole Beharie,1939
 Aaron Yoo,1940
Christopher Evan Welch,1941
 Eve,1942
 Moon Bloodgood,1943
 Scott Glenn,1944
 Gattlin Griffith,1945
Mois Acevedo,1946
 Kensh Ono,1947
 Sue Dahlman,1948
Rachael Harris,1949
 Philip Seymour Hoffman,1950
 Ida Engvoll,1951
 Emmy Rossum,1952
 Josh Peck,1953
Tom Mison,1954
 Alexis Clagett,1955
 Harold Perrineau,1956
Analeigh Tipton,1957
 Ren sugi,1958
Karen Disher,1959
Scott Lawrence,1960
 Mohamed Akhzam,1961
 Hunter McCracken,1962
 Riley Thomas Stewart,1963
Ving Rhames,1964
 Jade Asha,1965
 Iris Apatow,1966
Anthony Mackie,1967
 Graham McTavish,1968
Marley Shelton,1969
 Kim Uylenbroek,1970
 Eric Winter,1971
 Bryan Greenberg,1972
Margarita Levieva,1973
 Rachel Blanchard,1974
Michael Mantell,1975
 Don Thompson,1976
 Robert Patrick,1977
 Elizabeth Gracen,1978
Momo Dione,1979
 Woo hee Chun,1980
Jean Claude Van Damme,1981
Kevin Chamberlin,1982
Francesc Albiol,1983
 Ben Walker,1984
Andreas Wisniewski,1985
Sarah Dumont,1986
Chatchawai Kamonsakpitak,1987
 Gil Birmingham,1988
 Mariah Carey,1989
Ryoko Seta,1990
 Israel Broussard,1991
 Jesse Plemons,1992
Andie MacDowell,1993
Joshua Leonard,1994
Stephen Moyer,1995
 Gian Keys,1996
 Akihiro Kitamura,1997
 Kevin Bacon,1998
 Michael McElhatton,1999
 Brooke Shields,2000
Xavier Samuel,2001
David Acord,2002
 Jordi Molla,2003
Michael Dorman,2004
 Jane Fonda,2005
James Kelley,2006
Sophie Okonedo,2007
 Kofi Siriboe,2008
 Nick Krause,2009
Nick Offerman,2010
 Lucas Black,2011
 America Ferrera,2012
 Lucy Liu,2013
Danny Sapani,2014
Callum Keith Rennie,2015
Daniel Franzese,2016
 Karolina Gruszka,2017
Laurent Lucas,2018
 Amilie Leclerc,2019
Michael Dickson,2020
 Trey Songz,2021
 Sarah Roemer,2022
 Lucy Hale,2023
 Martin Kabanza,2024
 Lainie Kazan,2025
 Bria L. Murphy,2026
Marisa Paredes,2027
Brighton Sharbino,2028
 Dana Fuchs,2029
 Nina Dobrev,2030
Lauren Graham,2031
 Rasmus Hardiker,2032
Robert Patrick,2033
Robert Toupin,2034
 Lorraine Toussaint,2035
 Steven Mackintosh,2036
 Sachet Engineer,2037
Kim Coates,2038
 Dax Flame,2039
 Dean Norris,2040
 Roger Bart,2041
 Adam G. Sevani,2042
Shannon Woodward,2043
Cheryl Hines,2044
 Jessica Sula,2045
 Andy Lau,2046
Laurence Fishburne,2047
Dan Fogler,2048
 Donnie Yen,2049
 Temuera Morrison,2050
Tim Blake Nelson,2051
 Lake Bell,2052
Vincent Cassel,2053
 Sunny Pawar,2054
Michael Stuhlbarg,2055
Lucas Hedges,2056
Susie Porter,2057
 Pierre Richard,2058
Tamannaah Bhatia,2059
Lori Petty,2060
Christina Applegate,2061
Brendan Gleeson,2062
Cedric the Entertainer,2063
 Ed Skrein,2064
 Shawn Roberts,2065
 Sebastian Stan,2066
 Mackenzie Foy,2067
 Benedict Wong,2068
Vincent DOnofrio,2069
 Neil Flynn,2070
 Alistair Abell,2071
 Alex R. Hibbert,2072
Nadia White,2073
Tony Revolori,2074
Jeremy Irvine,2075
Jared Harris,2076
 Lara Pulver,2077
Tadanobu Asano,2078
 Daniel Zovatto,2079
 Charles Dance,2080
 Valerie Mahaffey,2081
Eloise Mumford,2082
 Michael Caine,2083
 Zo Kravitz,2084
Jason OMara,2085
 James DuMont,2086
 Daniel Gimnez Cacho,2087
 Vincent Ebrahim,2088
Toby Kebbell,2089
 Jenny Slate,2090
Mlanie Laurent,2091
 Leslie Jones,2092
Annalise Basso,2093
Tyler Perry,2094
Judy Greer,2095
 Chris Messina,2096
 Walton Goggins,2097
 Jon Bernthal,2098
 Gregg Weiner,2099
 Kathleen Munroe,2100
Anders Danielsen Lie,2101
 Paul Anderson,2102
 Birbara Lennie,2103
 Elizabeth Debicki,2104
 Edie Falco,2105
 Katherine Reis,2106
Sonoya Mizuno,2107
 John C. McGinley,2108
 Michael Gambon,2109
Sanya Malhotra,2110
 Kaitlin Olson,2111
 Aubrey Plaza,2112
 Julian Vergov,2113
 Stanley Tucci,2114
 Miles Heizer,2115
Stellan Skarsgrd,2116
 Jovan Adepo,2117
 Brett Cullen,2118
 Paul Reiser,2119
Craig Van Hook,2120
Carice van Houten,2121
 Leonard Nimoy,2122
Wendy Crewson,2123
Kerry Washington,2124
 So ri Moon,2125
 Kyra Sedgwick,2126
Stanley Tucci,2127
 Adrian Martinez,2128
 Sandra Kinder,2129
 John Ortiz,2130
Charlie Day,2131
 Alison Pill,2132
 Clint Dyer,2133
 Robert Knepper,2134
Sarah Clarke,2135
 Katie Holmes,2136
David Denman,2137
 Riz Ahmed,2138
Barbara Crampton,2139
 Raffey Cassidy,2140
 Jeff Kahn,2141
 Frances OConnor,2142
Sally Phillips,2143
 Julian Richings,2144
Helena Bonham Carter,2145
Farid Sajjadi Hosseini,2146
 Juan Saavedra,2147
 Mason Lee,2148
 Colin Quinn,2149
 Florence Clery,2150
 Mayko Nguyen,2151
 Michael Yare,2152
 Jennifer Morrison,2153
Hayley Atwell,2154
 Allen Leech,2155
 Ivo Nandi,2156
Zachary Quinto,2157
 Rizwan Manji,2158
Paddy Considine,2159
Colton Haynes,2160
Rachel Korine,2161
 Chadwick Boseman,2162
 Barry Pepper,2163
Catherine Walker,2164
 Garrett M. Brown,2165
Lili Sepe,2166
 Ed Helms,2167
 McCaul Lombardi,2168
Olivia Colman,2169
Alice Braga,2170
Lesley Manville,2171
Peter Stormare,2172
Maribel Verd,2173
 Vincent Kartheiser,2174
Rudy Youngblood,2175
Billy Crudup,2176
 Lucas Till,2177
 Mindy Kaling,2178
Jai Courtney,2179
Brandon T. Jackson,2180
 Audrey Fleurot,2181
 Linda Gegusch,2182
 Hristos Passalis,2183
Neil Brown Jr,2184
 Lili Taylor,2185
Rihanna,2186
 Karin Konoval,2187
Billy Burke,2188
Winona Ryder,2189
Teyonah Parris,2190
 Danny Huston,2191
 Clara Mamet,2192
Andy Serkis,2193
 Maddie Ziegler,2194
Anthony Edwards,2195
Don Cheadle,2196
 Vanessa Ferlito,2197
 Joseph Fiennes,2198
Jena Malone,2199
 Ross Kimball,2200
 Camille Cottin,2201
 Dong seok Ma,2202
 Anna Camp,2203
 Los van Wijk,2204
 Diane Lane,2205
Maggie Grace,2206
 Chris Wedge,2207
Martin Stringer,2208
Fran Kranz,2209
 Kat Dennings,2210
 Mike Vogel,2211
Katherine Waterston,2212
Emory Cohen,2213
 Damien Marzette,2214
Jae Head,2215
 Aurlien Recoing,2216
 Hayley McElhinney,2217
Bailey Anne Borders,2218
 A.C. Peterson,2219
 Peter McRobbie,2220
 Jordana Brewster,2221
 DeShawn Washington,2222
 Cary Joji Fukunaga,2223
Olivia Wilde,2224
 lafur Darri lafsson,2225
 Joanne Froggatt,2226
 Leehom Wang,2227
 Cole Konis,2228
Alexandra Maria Lara,2229
Annabeth Gish,2230
 Jacki Weaver,2231
 Andy Buckley,2232
 Kevin Nealon,2233
Oona Laurence,2234
 Thomas Haden Church,2235
 Milla Jovovich,2236
 Johnny Simmons,2237
 Kurt Fuller,2238
 Naomi Ackie,2239
Hugo Weaving,2240
 Ashley Walters,2241
 Sophie Perry,2242
Lydia Wilson,2243
Richard Jenkins,2244
 Christian Distefano,2245
 Anil Kapoor,2246
 Peter Facinelli,2247
Gabriel Basso,2248
Nazanin Boniadi,2249
 Storm Reid,2250
 Terence Stamp,2251
 Phylicia Rashad,2252
 Antonia Ribero,2253
 Antonio Banderas,2254
 Jonny Brugh,2255
Samantha Sloyan,2256
Peter Dinklage,2257
Max von Sydow,2258
 Rila Fukushima,2259
Samantha Morton,2260
Method Man,2261
James Cosmo,2262
Kathy Baker,2263
 Pierre Coffin,2264
Dominique Swain,2265
Katy Barker,2266
 Julie Andrews,2267
Liana Liberato,2268
 Tammy Blanchard,2269
 Steele Stebbins,2270
 Leland Orser,2271
Brittany Snow,2272
Charles Berling,2273
Michelle Yeoh,2274
Genesis Rodriguez,2275
 Gretchen Mol,2276
 Lucy Walters,2277
 Vicky Krieps,2278
 Anthony Cirillo,2279
 Bella Heathcote,2280
 Hans Matheson,2281
Angela Bassett,2282
 Julia Ormond,2283
 Julia Stiles,2284
 Slobodan Bestic,2285
 Joseph Julian Soria,2286
 Sharman Joshi,2287
 Niko Nicotera,2288
 Oaklee Pendergast,2289
Melanie Lynskey,2290
Jim Broadbent,2291
 Jennifer Saunders,2292
Faith Wladyka,2293
Calum Worthy,2294
Deborah Kara Unger,2295
 Rachel Wood,2296
T.J. Miller,2297
 Portia Doubleday,2298
Judah Lewis,2299
 Antje Traue,2300
 Lasse Fogelstrm,2301
Craig T. Nelson,2302
 T.I.,2303
 Jonathan Roumie,2304
 Jim Norton,2305
 Madeleine West,2306
 Ryan Lee,2307
 Daniel Olbrychski,2308
Isabella Rossellini,2309
 Nathalie Boltt,2310
Amanda Peet,2311
 Alan Arkin,2312
 Jo Hartley,2313
 Ulrich Tukur,2314
DaVone McDonald,2315
Frank Madigan,2316
 Taylor Swift,2317
Edoardo Leo,2318
Michelle Pfeiffer,2319
David Lyons,2320
Ian Holm,2321
 Gregory Jones,2322
 Dougie McConnell,2323
 Salli Richardson Whitfield,2324
 Joel Courtney,2325
 Colm Meaney,2326
Giancarlo Esposito,2327
 Sam Trammell,2328
 Linh Dan Pham,2329
 Cush Jumbo,2330
Benicio Del Toro,2331
 Orto Ignatiussen,2332
 Zac Mattoon OBrien,2333
 Danny Glover,2334
 Ashlyn Sanchez,2335
Adam Rodriguez,2336
Ken Stott,2337
Joseph Mawle,2338
 Karel Hermnek Jr,2339
Javier Bardem,2340
 Rostislav Bershauer,2341
 Alfred Molina,2342
Vanessa Ross,2343
 Kirby Bliss Blanton,2344
 Brit Morgan,2345
 Val Kilmer,2346
Amr Waked,2347
 Keith Carradine,2348
 Scott Mescudi,2349
 Werner Herzog,2350
 Kati Outinen,2351
 Peter Riegert,2352
Jon Bernthal,2353
Max Martini,2354
Richard Dreyfuss,2355
Chris Gethard,2356
 Briana Shann,2357
 Joey Lauren Adams,2358
 Dean Mumford,2359
 Andrew Simpson,2360
Richenda Carey,2361
 Allison Tolman,2362
 Dolph Lundgren,2363
 Lou Taylor Pucci,2364
Fred Dalton Thompson,2365
Alexander Black,2366
Dominic West,2367
Anders Holm,2368
Jason Flemyng,2369
 Bruce Boxleitner,2370
 Lily Rabe,2371
 Jean Claude Van Damme,2372
 Ellie Kemper,2373
 Matt Long,2374
 Stephen Dorff,2375
 Julie Walters,2376
Lena Endre,2377
Matthias Schoenaerts,2378
 Cara Buono,2379
Freddie Crowder,2380
Rosie Shaw,2381
 Giovanni Ribisi,2382
Trenton Rogers,2383
 Olivia Moyles,2384
 Moe Dunford,2385
Isaiah Stone,2386
 Steve Wiebe,2387
Patrick Huard,2388
 John Alexander,2389
Alden Ehrenreich,2390
Thomas Loibl,2391
 Mary Louise Parker,2392
 Tony Danza,2393
 Kelly Reilly,2394
 Kelcey Watson,2395
Kimberly Elise,2396
 Stephen Rea,2397
