Production_company ,PID
Kim Ki-Duk Film,101
Summerland,102
Balaji Telefilms,103
Studio Green,104
Centrala,105
Datari Turner Productions,106
Atlantic Screen Productions,107
Shanghai Professional Making Film,108
Simply South Entertainment,109
AD Films,110
Sensito Films,111
The Bureau,112
Geko Films,113
Hungry Crocodiles,114
Goopy Bagha Productions Limited,115
Het Familiedrama,116
Bellota Films,117
Storm Pictures Korea,118
Tin Drum Beats,119
CCI Entertainment,120
TBOK Production,121
Max Films Productions,122
1 Bullet in the Gun Productions,123
MaHa Sanchar,124
I71Movies,125
Inbox Pictures Pvt Ltd,126
Filmko Films Production Limited,127
Solution 3 Productions,128
Catatonia Films,129
Venom Films,130
Closing Remarks,131
Trafalgar Releasing,132
N-Graphix,133
Flashlight Films,134
Pan Européenne,135
Distribution Company,136
New Zealand Son Films,137
"Life Now, Life Then",138
Friday Filmworks,139
JD Prod,140
Kineo Filmproduktion,141
Alpha Hollywood Studios,142
OSS/100 Films & Documents,143
Evolutionary Films,144
Windowseat Entertainment,145
Harvest 9 Road Entertainment,146
Fox TV,147
NB Thrilling Films 2,148
Creepy Kid Productions,149
Herzfeld Productions,150
KeyFilm,151
Vendian Entertainment,152
AMP International,153
Camellia Productions,154
Cyfuno Ventures,155
pUNK FILMS,156
Solivs,157
Body Bag Films,158
Olivargo,159
Henning Ferber Produktion,160
ICON production,161
Bitters End,162
N279 Entertainment,163
Atchafalaya Films,164
Film Jam,165
Wit Studio,166
Bake My Cake Films,167
Cinepata,168
Drop Dead Films,169
Bright Fame Pictures,170
Nolita Cinema,171
Fun Size Horror Productions,172
Fluiidmask Studios,173
Ashiq Usman Productions,174
Tardo,175
Burning Blue,176
Bell PPHU Krzysztof Palyska,177
Cinema Tale,178
The Black Room Cleopatra,179
Filmlawine,180
Lyca Productions,181
Filmes do Tejo,182
Studio 100 Media,183
Parking Garage Pictures,184
K C Productions Private Limited,185
CEPA Audiovisual,186
Vabalo Filmai,187
Bonpland Pictures,188
Original Force,189
Envision Media Arts,190
CatRock Creatives,191
Motlys,192
Kinoskopik s.l.,193
Madtown Movie,194
Dijital Sanatlar Production,195
3Blackdot,196
Caedmon Entertainment,197
Lucky Chucky Productions,198
Poetry Film House,199
Hassala Films,200
Chiller Films,201
POW Films,202
Detalle Films,203
Caviar Antwerp NV,204
The Asylum,205
Scotchworthy Productions,206
A square productions,207
Atelier de Film UNATC,208
Brio Films,209
E.R.T.,210
Allred Films,211
Movie Planet Group,212
Dreamscape,213
Fasad,214
Big Houses Film Production,215
United Entertainment Partners,216
Goldenlight Films,217
Storyboard Entertainment,218
Django Film,219
Red Star for Film Production and Distribution,220
WBMC,221
Discontinuo La Pel?cula,222
Fun Academy Media Group,223
Rigel Films,224
Nikolaus Geyrhalter Filmproduktion,225
Respect Films,226
Contrast Film,227
"EMH Consulting Group,",228
Lieblingsfilm,229
ADK,230
Stela Cine,231
ArtProd,232
Daydream Entertainment,233
Nippon Television Network (NTV),234
Celi Films,235
Valdés,236
Biograf Jan Sverak,237
Assemblage,238
Romulus Entertainment,239
MORE Productions,240
Company Films,241
American Film Productions,242
TSL Thenandal Studios,243
Citadel Film Group,244
KandamarK,245
MACA Entretenimento,246
Paranoid Filmes,247
GV Films,248
Allegheny Image Factory,249
Science Machine,250
DNG Films,251
Lightbearer Films,252
Glass Entertainment Group,253
Luv Films,254
Mountain Movement Story,255
Millman Productions,256
Hillrose Street,257
Artbees,258
Poetic License Production,259
Karen Film,260
Matchbox Pictures,261
Zeta Cinema,262
Mars Media Entertainment,263
RT Features,264
Zee Tv,265
North Star Entertainments,266
Golden Road Pictures,267
Ester.Reglin.Film Produktionsgesellschaft,268
Impact Entertainment,269
Mr. Pictures,270
Paradox Universe,271
3311 Productions,272
Night Bus Pictures,273
Cine Plus Filmproduktion,274
Nac Films,275
National Film Development Corporation of India (NFDC),276
Home Movie Makers,277
Contender Films,278
F.G. Film Productions,279
Sneaky Sneaky Films,280
First In Security Tactics,281
Wetzer Films,282
Lao Art Media,283
Bizibi,284
Ideate Media,285
"Gran Superproducci?n, La",286
Gran Via Productions,287
AVA Productions,288
A 6 Foot Barrel,289
Rizoma Films,290
Delante Films,291
Millennium Films,292
Hollywood Casting and Film,293
Avni Movies,294
Elliander Pictures,295
"Claqueta, La",296
Clownfish Productions,297
Diennet Productions,298
Pikchure Zero Entertainment,299
De Pure Fiction,300
Akson Studio,301
Access Entertainment,302
KMH Film,303
Rough Note,304
Shochiku,305
Orange Médias,306
Baked Studios,307
KillerWolf Films,308
Cuadr?pedo Films,309
Alex Israel,310
Tornado Films,311
Coloroffon,312
ChubbCo Film,313
Kalpataru Pictures,314
M2S1 Film,315
United Channel Movies,316
RTV Slovenija,317
Endeavour Filmworks,318
RB Production,319
Soundtrack,320
Jay Silverman Productions,321
Coast Art Productions,322
Eyeworks Film & TV Drama,323
Cimarron,324
B-Reel Films,325
Princess Movies and Black Horse Pictures,326
Traplight Pictures,327
KAHWA Entertainment,328
Friends Communication,329
Italian International Film,330
Akzente Film- und Fernsehproduktion,331
Arrow Productions,332
RE Studio,333
Adaptive Studios,334
Asteros Film,335
Jaaz Multimedia,336
Echo Film,337
Weiss Films,338
Legendary East,339
RGK Cinema,340
Mad Kiwi Films,341
Welovepost,342
Enis ?zkan Film,343
Cineville,344
Rockline Entertainment,345
Mogambo,346
Pixoloid Studios,347
V-Movie,348
Daroma Productions,349
Varios Lobos,350
Madeleine,351
Monster Circus,352
Edko Beijing Films,353
Silver Reel,354
Ronk Film,355
57 Films,356
Stedfast Productions,357
Emmay Entertainment,358
Funtastic Films,359
J Thomas Entertainment,360
Charles Barthe,361
TV Man Union,362
Film4,363
Sam Film,364
Heartland Films,365
Made In Germany Filmproduktion,366
Full Throttle Pictures,367
VIX Prod. Co.,368
Navroz Gurbaz Entertainment,369
Digital Caviar,370
Aqu? y All? Films,371
KScope Entertainment Pvt Ltd,372
InnoVate Productions,373
Albatross,374
AB Corp Ltd.,375
Ajedrez Para Tres,376
Idéale Audience,377
Tea Time Talks Production,378
Break Media,379
Interwoven Studios,380
1922 Films,381
Colorado Film Production,382
Matrioska,383
Slaughter FX,384
Gosh Film Entertainment,385
Cactus Films,386
Able 2 Film Entertainment,387
Meta Film,388
Two 9 Productions,389
Fluffy Cat Productions,390
Arab Fund for Arts and Culture,391
Saptarishi Cinevision,392
Diamond Films,393
Rementad,394
Mirror Images LTD.,395
Emperor Film and Entertainment (Beijing),396
Blue Shadows Films,397
Rectangle Productions,398
Les Films du Fleuve,399
NL Film,400
Alcatraz Films,401
Footprint Features,402
Cercanias AIE,403
Cut & Paste Generation,404
Hlibka Keller Films,405
Querô Filmes,406
Central Partnership,407
Centro de Capacitaci?n Cinematogr?fica (CCC),408
Chitraksha Films,409
En Compagnie Des Lamas,410
Castle Shore Films,411
Grass Temple Films,412
QC Entertainment,413
"Films du Cap, Les",414
Air Bud Entertainment,415
Margo Cinema,416
Nordic Tundra Entertainment,417
Sigma Pictures Productions,418
Freedom Pictures,419
Toledo Productions,420
AGC Studios,421
Blue Creek Pictures,422
Winery Productions,423
Aspire Productions,424
Mandarin Motion Pictures,425
Atomic Monster,426
Endcuts,427
Lumanova Pictures,428
Broken Twig Productions Inc.,429
Hollywood Storm,430
Division 19,431
Bobstar Films,432
Dwarakish Chitra,433
Periscope Entertainment,434
Circle of Confusion,435
Clumsy Ophelia Productions,436
SKYFILM Studio Ltd.,437
7DM Studios,438
Caramel Film,439
775 Media Corp,440
Ignition Film Productions,441
MoliFilms Entertainment,442
October Films,443
AGBO,444
A&A Advisors,445
Deep Murder Productions,446
Kinosto,447
Beyond Fiction,448
SaarthiE,449
Engenius Productions,450
B-Star Productions,451
Pen Studios,452
Delirium,453
Wanda Media Co.,454
ICE3,455
Comme des Cinémas,456
SparkeFilms History Design,457
thefyzz,458
UK Film Studio Productions,459
Portola Pictures,460
Takshashila Entertainment,461
Viktorija Film,462
Nokkhottro Cholochitra,463
Claps & Whistles Entertainments,464
Domino Films,465
Chaz Productions,466
Kolipoki Pictures,467
Pimanov i Partnyory,468
Omni Media Arts,469
J.A. Entertainment,470
Static Prods.,471
Pampa Films,472
Jam Filled Toronto,473
Attraction Film Company,474
See Pictures,475
GPA Films,476
Old Loyal Films,477
Stadenn Prod,478
Fabula,479
Event Film Distribution,480
Trio Pictures,481
Mercury Visual Solutions,482
Newroz Films,483
Tianjin Chengzi Yingxiang Media,484
Belga Productions,485
Abundantia Entertainment,486
Aundiya Film,487
MVV Cinema,488
Sweet Tomato Films,489
Alloy Entertainment,490
Platforma Filma,491
Ancient Game Productions,492
Castles in the Air Pictures,493
Anima Estudios,494
Tasvir Gostar Pasargad,495
TVN,496
Pensa & Rocca Producciones,497
Animus Pictures,498
Catch the Sun,499
Inspired Toad Productions,500
Kabir Khan Films,501
Wonder Head,502
Jean Doumanian Productions,503
Noel Films,504
Marni Films,505
Lake Productions,506
North Air Entertainment,507
Electric Flix,508
Element Pictures,509
Intergalactic Productions,510
Regal Films,511
New Line Cinema,512
Nice Drama,513
COMETE Films,514
Les Films Pelléas,515
Jeff Rice Films,516
BrightKnight Entertainment,517
Wayans Alvarez Productions,518
Launch Over,519
Zhengfu Pictures,520
Defiant Productions,521
Papaya Films,522
La Corriente del Golfo,523
HI Film Productions,524
Kirk Shaw Productions,525
Busted Buggy Entertainment,526
Fabled Motion Pictures,527
Epic Level Entertainment,528
Screenplay Production,529
Interfilm,530
Cinemate,531
Constant Motion Pictures,532
90 Minutes Film Studio,533
Filmoteka Narodowa - Instytut Audiowizualny,534
Pavel Lungin Studio,535
Blur and Sharpen,536
Aseman Parvaz Film,537
Matt Ratt Productions,538
Real Fiction Studios,539
Irony Point,540
MD Entertainment,541
TriStar Pictures,542
AMP Filmworks,543
Morning Starr Productions,544
Les Films de la Croisade,545
Aurora Alliance Films,546
Empyrean Pictures,547
Lupa Filmes,548
Hombale Films,549
Cheshire Smile Productions,550
Entity3,551
Yellow Film & TV,552
Avni Cinemax,553
Under 1 Roof Productions,554
Icelerate Films,555
Seven Arcs Pictures,556
Tuffi Films,557
Dark Island Pictures,558
Inside Producci?n,559
TOBIS Film,560
herbX Film,561
Antony D Cruz Entertainment,562
Shaky Balloon Productions,563
Armory Films,564
Hibiscus Films,565
Neil Breen Films,566
100 Bares,567
AI-Film,568
My Family,569
Sri Lakshmi Venkateshwara Cinemas,570
Bamb? Producciones,571
Candela,572
Friday Feature Productions,573
Extra Large Productions,574
2D Entertainment,575
The Church of Almighty God Film Center,576
Skop Productions Sdn. Bhd.,577
Invicta Films,578
New Breed Entertainment,579
Tesoro Pictures,580
Groundswell Productions,581
Anka Film,582
Open Palm Films,583
Malefic Films,584
Amarich Productions,585
Ay Yapim,586
Copperheart Entertainment,587
Sampek Productions,588
Jyot & Aagnya Anusaare Productions,589
F,590
Jafar Panahi Film Productions,591
Fabrika Yapim,592
40 Acres & A Mule Filmworks,593
Montelona Cine,594
Avrotros,595
Ellipsis Entertainment,596
Deutsche Film- und Fernsehakademie Berlin (DFFB),597
Nel Films,598
Seven Light,599
BLN Cinema,600
Cattleya,601
Lime Light Cinemas,602
NLO TV,603
MTY Productions,604
Roll Caption,605
Lions Gate International,606
Sinehane,607
Akshar Communications,608
Wheel Barrow Productions,609
H9 Films,610
Curiosa Films,611
The Darwin Collective,612
Ibid Filmworks,613
Emerge & See Filmproduktion,614
Diya Movies,615
Eenie Ienie Over Productions,616
Viswaraj Creations,617
Pepito Produzioni,618
Anticlock Films,619
Sepia Films,620
Infinite Frameworks Studios,621
Movic Comics,622
"Panstwowa Wyzsza Szkola Filmowa, Telewizyjna i Teatralna (PWSFTviT)",623
Hot Machine,624
Maan Films,625
Raj Chakraborty Productions,626
Taylor Lane Productions,627
Runaway Productions,628
Gesher Multicultural Film Fund,629
Blue Marble Stories,630
Here & There Productions,631
Aviron Pictures,632
Beijing Ruyi Xinxin Film Investment,633
Carnival Motion Pictures,634
Craftsmen Media Co.,635
Droog Drooga,636
Soraya Intercine Film PT,637
Camelot Films,638
Slon,639
El Sobky,640
Doodong Films,641
Great Dream Pictures,642
CBS Films,643
Circus King Productions,644
Nemesis,645
Kalinga Productions,646
Vinson Films,647
Producciones A Ciegas,648
Merlin Films,649
Silver Line Films,650
Nimrouz Film,651
Saban Films,652
Brainbox Studios,653
Sierra / Affinity,654
MD productions,655
Shree Venkatesh Films,656
Sunny Sounds,657
Kargo Film,658
Kongchak Pictures,659
Czech Anglo Productions,660
Chan Films,661
Moby Dick Films,662
ITN,663
The Archers,664
Escotilla Films,665
Vishnu Vishal Studioz,666
Groenlandia,667
Film and Music Entertainment (F&ME),668
Slot Machine,669
Ecce Films,670
Hector Coup,671
Alameda Films,672
Revok,673
All Go Movies,674
Showgate,675
Tuotantoyhti? Hihhihhii,676
Chillie Pickles Production,677
CG Cinéma,678
In the Family,679
CineRidge Entertainment,680
We Are Tessellate,681
Iran Novin Film,682
87Eleven,683
1 Production Film,684
Epic Pictures Releasing,685
Monsterbuster Entertainment,686
Look to the Sky Films,687
Clube Filmes,688
Stardust Pictures,689
Argentum Entertainment,690
Red Ladders Entertainment,691
Watchout Studio,692
Kafkas?r Film Akademisi,693
No Place for Films,694
Leonian,695
Birthday Suit Productions,696
Humble Bee Films,697
Solar Films,698
Oddjoint Art Pvt. Ltd.,699
Climent / Hedetoft Film,700
Dakshaa,701
Metropolitan Films International,702
Revolver Amsterdam,703
Avante Filmes,704
Pounds (LBS) Pictures,705
Barbed Wire Films,706
Alter Ego Pictures,707
1991 Broadway Theatre Group,708
Mars Films,709
G Its Entertainment,710
Fright Meter Films,711
Axia Films,712
Meltas Film,713
Firma Films,714
BFI Film Fund,715
Padmaja Pictures,716
Moonshot Entertainments,717
Film Brut,718
DHF,719
Nord-Ouest Films,720
Sight Unseen Pictures,721
Solar Media Entertainment,722
Red Compass Media,723
52 Friday Cinemas,724
Leopolis,725
SK productions,726
Arts+Labor,727
Bakugan Zoobles Comics,728
KPs Remain,729
Falcon Pictures,730
Mistrus Media,731
Dark Temple Motion Pictures,732
1406 Pictures,733
Bad Manners,734
Miso Film,735
Office Kitano,736
Vanmaye Creations,737
TMoment,738
Limon Film,739
Triluna Film AG,740
CBC Television,741
T-Series,742
Radio Televizija Srbije (RTS),743
Deutsche Columbia Pictures Film Produktion,744
India Calling,745
Capital Arts Entertainment,746
Green Ray Films,747
M Pictures,748
Pandimensional,749
Cthulhu Crush Productions,750
IBC Movie,751
World Of Film AB,752
A-Yao Film,753
Jaguar Motion Pictures,754
Fizz and Ginger Films,755
Dwaraka Creations,756
Cliff House Productions,757
CN7 Productions,758
Apatow Productions,759
Reel & Real Cinema,760
BUCK Productions,761
Midas Touch Movies,762
Besiktas Kültür Merkezi (BKM),763
Animando,764
Royal Cine Arts,765
Zhongmeng Century Media,766
Youku Pictures,767
Lemming Film,768
Entertainment Studios Motion Pictures,769
M&M Film,770
2.0 Entertainment,771
Institut Català de les Empreses Culturals (ICEC),772
Cine Sarasavi Productions,773
Edgen Films,774
Badlands Entertainment,775
Allegra Pictures,776
ENBU Seminar,777
Nest Holdings,778
Plan J Studios,779
Rain of Fire Productions,780
Stage 6 Films,781
3 Lives Movie Ltd,782
Mad As Birds,783
Shaz Media Productions,784
Wings of Hope Productions,785
Herald Films,786
River Road Entertainment,787
Daniel Grodnik Productions,788
Sony Pictures Releasing,789
Curmudgeon Films,790
Sony Pictures Animation,791
Darkness Reigns Films,792
First City Films,793
Floren Shieh Productions,794
Studio Colorido Co.,795
College Productions,796
Bow and Arrow Entertainment,797
He Li Chen Guang International Culture Media(Beijing),798
Girls and Corpses Magazine,799
Jyotirmaye Group,800
Ce Qui Me Meut Motion Pictures,801
Film Consortium San Diego,802
DreamWorks Animation,803
Unstoppable Entertainment,804
Film Farms,805
Studio Slon,806
Lanczyner Films,807
Laokoon Filmgroup,808
Swajith Movies,809
Vega Film,810
Drama House,811
Atmo Production,812
Culprit Creative,813
Rishab Shetty Films,814
Clique Pictures,815
El Deseo,816
Irada Entertainment,817
Focus Plus Cinema,818
Film Republic,819
Christie Street Creative,820
Little Big Films,821
Alternate Ending Films,822
RVK Studios,823
GFR Media,824
Beijing Sparkle Roll Media Corporation,825
Kumie,826
Silent Hills Studio,827
Marvel Studios,828
Ambassandor Theatres,829
Vishal Film Factory,830
Reel Enigma,831
Euskal Irrati Telebista (EiTB),832
Open Road Films (II),833
Brooklyn Reptyle Films,834
Paramount Players,835
Red Christmas,836
Amusement Park Films,837
Dawns Light,838
Los Angeles Media Fund (LAMF),839
Asahi Shimbun,840
Wind Dancer Films,841
Cover Films,842
BBQ Three Pty Ltd,843
Mena Films,844
FILM GRIT,845
The Film Community,846
Bhansali Productions,847
Dublis Production,848
Lorton Entertainment,849
India Take One Productions,850
Pandora Productions,851
ES Film,852
Coco Cartoon,853
Commonwealth Film Manufacturing,854
The 10 East,855
Amma Creations,856
Blue Forest Media,857
Rebel Studio,858
HS Entertainment Group,859
Seoul Searching,860
Teté Films,861
Nostrum Entertainment,862
Sputnik,863
ODU Movies,864
Friday Russh Motion Pictures,865
Vandertastic Films,866
Black Sand Pictures,867
Picture Perfect,868
ReelWorks Studios,869
Brett Kelly Entertainment,870
Akanga Film Productions,871
BreakThru Productions,872
Midland Entertainment,873
Nordisk Film,874
Kinokompaniya Kargo,875
Alter Films,876
Feifer Worldwide,877
Emblematic Pictures,878
Dennis L. Reed II Productions,879
Momo Films,880
Good Company Films,881
Aries Telecasting,882
Boatyard Productions,883
No Place Like Films,884
Trend Cultural Investment Co.,885
Xploseve,886
Singing Fish,887
Badlands Features,888
Ward Productions,889
Thunk Enterprises,890
See-Saw Films,891
iDiC Entertainment,892
Focus Features,893
GunHil,894
Jones Company,895
Full Auto Films,896
CTM Films,897
Josh Hasty Productions,898
Chukyo TV Broadcasting Company (CTV),899
Calanda Pictures,900
Nomenclature Film,901
The October People,902
Lionsgate,903
Steficon SA,904
GW Films,905
26 Keys Productions,906
JPG Films,907
Old Man Winter Productions,908
David Kachappilly Productions,909
Salman Khan Films,910
A Fang Yuan Pictures,911
Hoorakhsh studios,912
Stargazer Films USA,913
Bartlebyfilm,914
Dancing Spirit Productions,915
London Film,916
Tri Destined Studios,917
P.A.S. Productions,918
Beijing Enlight Media Co.,919
Istanbul Digital,920
Asia Tropical Films,921
MINORapocalypse,922
Vega Entertainment,923
Wanderland Productions,924
Blue Budgie Films Limited,925
Glass Eye Pix,926
Babber Films,927
KCN Movies,928
Mona Film Produktion,929
Dayday Films,930
Felix Media,931
Benetone Films,932
Les Films des Tournelles,933
Illogic Srl,934
Suzanne DeLaurentiis Productions,935
Bliss Media,936
Shochiku Studio Co.,937
Les Films du Kiosque,938
Magnifico Entertainment,939
NIdeas Creations & Productions,940
Honor,941
Arthouse,942
Zabriskie Films,943
Promenade,944
Wonderland Sound and Vision,945
Crossing Bridges Films,946
Misguided Perceptions Media Group,947
Kandoo Films,948
Emir Baigazin Production,949
One Cool Film Production,950
Black Wake Enterprises,951
Leslin Films,952
O3 Turkey Medya,953
Gearshift Films,954
Reel One Entertainment Worldwide,955
Inforg-M&M Film Kft.,956
Halfway Crooks Entertainment,957
Fickle Fish Films,958
Tas Film,959
Claussen + Putz Filmproduktion,960
Vito Films,961
Free Chicken Films,962
Bits Produç?es,963
Ent One,964
Black Bicycle Entertainment,965
Far Sun Film Company Ltd.,966
Casey Silver Productions,967
Cineddiction Films,968
Great Dayne Entertainment,969
D.B. Production,970
Ghost Dog Films,971
Champagne Charlie Productions,972
Lime Film,973
Arka Mediaworks,974
East Japan Marketing & Communications Inc.,975
Twentieth Century Fox,976
FNR Film,977
Productions lUnite Centrale,978
Intrinsic Value Films,979
Chris Morgan Productions,980
FGKOFilms,981
120dB Films,982
Big Cinema House,983
Ash Mountain Films,984
Castafiore Films,985
Changhe Films,986
Arizona Films,987
J. Q. Pictures,988
Amego Film,989
Pomerantz Pictures,990
Off the Chart Entertainment,991
Pen Movies,992
Syncopy,993
Mona Vista Productions,994
7Heaven Productions,995
Rio Negro Producciones,996
Roth Films,997
Jeonwonsa Film,998
Amazing,999
Windows Production House,1000
SVF Entertainment Pvt. Ltd.,1001
Elara Pictures,1002
Jarowskij AB,1003
Bullet Films,1004
IAC Films,1005
Proportion Productions,1006
Wing and a Prayer Pictures,1007
Fita Studios,1008
Caméra One,1009
Rhythm Boyz Entertainment,1010
Maha Sithralu,1011
Banner House Productions,1012
Klas Film,1013
DC Comics,1014
Iervolino Entertainment,1015
Blue Planet Entertainments,1016
Venfilm,1017
Golden Cicada Films,1018
